handedness,avg,height,weight,name,HR,wn,hn
B,0,70,175,Barry Raziano,0,3,1
B,0,71,175,Lafayette Currence,0,3,1
B,0,72,175,John Bohnet,0,3,1
B,0,73,190,Bert Bradley,0,2,3
B,0,73,185,Randy Scarbery,0,2,3
B,0,73,195,Chuck Hockenbery,0,4,3
B,0,74,180,Ray Chadwick,0,1,6
B,0,74,195,Pete Filson,0,4,6
B,0,74,190,Mark Brown,0,2,6
B,0,74,200,Steve Burke,0,2,6
B,0,74,200,Steve Cummings,0,2,6
B,0,74,193,Nardi Contreras,0,1,6
B,0,75,195,Gary Lance,0,4,3
B,0,75,195,Jeff Schneider,0,4,3
B,0,75,185,Jeff Barkley,0,2,3
B,0.104,72,189,Vida Blue,4,1,1
B,0.11,73,170,Mickey Lolich,0,1,1
B,0.114,78,212,Bob Veale,0,1,1
B,0.125,68,155,Fred Norman,0,1,1
B,0.127,72,170,Joaquin Andujar,5,1,1
B,0.159,72,185,Fritz Peterson,2,1,1
B,0.205,71,160,Buddy Biancalana,6,1,1
B,0.206,73,204,Steve Huntz,16,1,1
B,0.21,71,180,Steve Jeltz,5,1,1
B,0.212,70,175,Rusty Torres,35,1,1
B,0.216,72,185,Joe Lovitto,4,1,1
B,0.217,71,165,Vic Harris,13,1,1
B,0.217,74,188,Darrel Chaney,14,1,1
B,0.219,72,160,Al Weis,7,1,1
B,0.227,69,150,Larry Lintz,0,1,1
B,0.227,72,195,Chris Bando,27,1,1
B,0.228,71,170,Tim Blackwell,6,1,1
B,0.229,72,190,Bob Didier,0,1,1
B,0.229,73,195,Dave McKay,21,1,1
B,0.229,74,183,Gene Michael,15,1,1
B,0.23,74,185,Billy Smith,17,1,1
B,0.231,72,165,Roger Metzger,5,1,2
B,0.231,72,175,Ted Kubiak,13,1,2
B,0.232,74,190,Buck Rodgers,31,1,1
B,0.233,72,175,Paul Popovich,14,1,1
B,0.234,73,190,Bill Sudakis,59,1,2
B,0.234,73,200,Rick Sweet,6,1,2
B,0.236,71,160,Bud Harrelson,7,2,1
B,0.236,72,180,Paul Householder,29,1,2
B,0.236,72,160,Rodney Scott,3,2,2
B,0.236,73,175,Bob Meacham,8,1,1
B,0.237,69,165,Julio Cruz,23,3,1
B,0.237,70,165,Rafael Landestoy,4,3,1
B,0.237,72,165,Jimmy Stewart,8,3,1
B,0.238,72,180,Ron Roenicke,17,1,1
B,0.24,72,169,Chico Ruiz,2,1,1
B,0.24,73,170,Mike Ramsey,2,1,1
B,0.241,69,160,Wayne Tolleson,9,1,1
B,0.242,69,160,Manny Castillo,3,1,1
B,0.243,72,170,Marty Martinez,0,1,1
B,0.244,71,180,Joe Wallis,16,1,1
B,0.245,69,140,Sandy Alomar,13,1,1
B,0.245,70,160,Bryan Little,3,1,1
B,0.245,71,180,George Wright,42,2,1
B,0.245,73,180,Tom Tresh,153,2,1
B,0.245,74,190,Bobby Brown,26,1,2
B,0.245,74,185,Alan Ashby,90,1,2
B,0.247,74,195,Mike Young,72,1,1
B,0.249,72,160,Derrel Thomas,43,1,2
B,0.249,72,164,Tony Scott,17,1,2
B,0.25,71,180,Bob Stinson,33,1,1
B,0.25,74,170,Wilbur Howard,6,1,1
B,0.251,71,155,Albert Hall,5,1,2
B,0.251,71,175,U L Washington,27,1,2
B,0.251,72,180,Jim Lefebvre,74,1,1
B,0.252,73,170,Don Kessinger,14,1,1
B,0.253,70,164,Jerry White,21,1,1
B,0.254,72,161,Larry Milbourne,11,1,1
B,0.255,72,173,Wallace Johnson,5,1,1
B,0.255,73,190,Butch Wynegar,65,1,1
B,0.256,69,170,Horace Clarke,27,1,1
B,0.257,70,169,Len Randle,27,1,2
B,0.257,70,175,Biff Pocoroba,21,1,2
B,0.257,73,185,Roy Smalley,163,1,1
B,0.257,74,180,Ken Henderson,122,1,1
B,0.258,70,170,Jerry Hairston,30,1,1
B,0.259,73,180,Lee Mazzilli,93,1,1
B,0.259,74,160,Alan Wiggins,5,1,1
B,0.26,70,155,Larry Bowa,15,1,1
B,0.261,71,185,Billy North,20,1,1
B,0.263,73,180,Richie Scheinblum,13,1,1
B,0.264,67,160,Don Buford,93,1,1
B,0.265,72,160,Miguel Dilone,6,1,1
B,0.265,74,185,Ron Oester,42,1,1
B,0.266,69,172,Bump Wills,36,1,1
B,0.267,72,190,R.J. Reynolds,35,1,1
B,0.267,73,180,Wes Parker,64,1,1
B,0.268,71,175,Tito Fuentes,45,1,1
B,0.271,70,160,Roy White,160,1,1
B,0.272,71,175,Dave Collins,32,1,1
B,0.274,72,184,Darrell Brown,1,1,2
B,0.274,72,185,Steve Ontiveros,24,1,2
B,0.277,69,170,Rick Peters,2,1,1
B,0.282,76,210,Ken Singleton,246,1,1
B,0.285,71,193,Ted Simmons,248,1,1
B,0.287,72,180,Reggie Smith,314,1,1
B,0.289,74,185,Jerry Mumphrey,70,1,1
B,0.29,71,170,Johnny Ray,53,1,1
B,0.303,71,192,Pete Rose,160,1,1
L,0,69,170,Israel Sanchez,0,1,2
L,0,69,165,Angel Moreno,0,2,2
L,0,70,165,Brian Dubois,0,2,2
L,0,70,160,Narciso Elvira,0,2,2
L,0,71,185,Joe Pactwa,0,8,3
L,0,71,175,Len Whitehouse,0,7,3
L,0,71,175,Jim Campbell,0,7,3
L,0,72,190,Kevin Stanfield,0,4,7
L,0,72,195,Ralph Botting,0,7,7
L,0,72,185,Joel McKeon,0,8,7
L,0,72,183,Jerry Augustine,0,1,7
L,0,72,180,Mark Souza,0,4,7
L,0,72,175,Pat Underwood,0,7,7
L,0,72,180,Bruce Ellingsen,0,4,7
L,0,73,185,Mike Kinnunen,0,8,10
L,0,73,200,Dan Morogiello,0,6,10
L,0,73,185,John LaRose,0,8,10
L,0,73,160,Tony Ferreira,0,2,10
L,0,73,205,Bob Galasso,0,7,10
L,0,73,185,Dave Stapleton,0,8,10
L,0,73,175,Jerry Kutzler,0,7,10
L,0,73,185,Randy Wiles,0,8,10
L,0,73,195,Steve Davis,0,7,10
L,0,73,190,Bruce Robbins,0,4,10
L,0,74,195,Kevin Bearse,0,7,9
L,0,74,192,Ed Hodge,0,2,9
L,0,74,175,Luis Quintana,0,7,9
L,0,74,195,Reggie Ritter,0,7,9
L,0,74,195,Mike Pazik,0,7,9
L,0,74,205,Mike Willis,0,7,9
L,0,74,190,Dennis DeBarr,0,4,9
L,0,74,180,Larry Rothschild,0,4,9
L,0,74,185,Jeff Twitty,0,8,9
L,0,75,180,Zach Crouch,0,4,7
L,0,75,185,Brian Snyder,0,8,7
L,0,75,220,Bruce Tanner,0,4,7
L,0,75,200,Bob Fallon,0,6,7
L,0,75,175,Juan Nieves,0,7,7
L,0,75,192,Bryan Oelkers,0,2,7
L,0,75,195,Jerry Garvin,0,7,7
L,0,76,205,Mike Rochford,0,7,5
L,0,76,205,Sherman Corbett,0,7,5
L,0,76,205,Jeff Rineer,0,7,5
L,0,76,200,Steve Barr,0,6,5
L,0,76,195,Gorman Heimueller,0,7,5
L,0,77,210,Jeff Holly,0,2,12
L,0,77,210,John Poloni,0,2,12
L,0,77,220,Mark Mercer,0,4,12
L,0,77,200,Jeff Schattinger,0,6,12
L,0,77,220,Kevin Mmahat,0,4,12
L,0,77,220,Curt Wardle,0,4,12
L,0,77,190,Rick Jones,0,4,12
L,0,77,205,Joel Davis,0,7,12
L,0,77,205,Vance Lovelace,0,7,12
L,0,77,200,Gary Christenson,0,6,12
L,0,77,175,Dave Rajsich,0,7,12
L,0,77,215,Britt Burns,0,3,12
L,0,78,215,Mike Jones,0,3,2
L,0,78,200,Jim Umbarger,0,6,2
L,0,80,215,Mike Smithson,0,3,1
L,0.115,72,195,Steve Barber,5,1,1
L,0.137,75,195,Bob Knepper,6,1,1
L,0.154,77,190,Sam McDowell,2,1,1
L,0.167,77,200,Jerry Reuss,1,1,1
L,0.191,71,180,Ray Sadecki,5,1,1
L,0.194,75,195,Dave Roberts,7,1,1
L,0.195,72,180,Dan Briggs,12,1,1
L,0.196,68,180,Jim French,5,1,1
L,0.201,74,195,John Hale,14,1,2
L,0.201,74,190,Jim Maloney,7,1,2
L,0.201,76,196,Doug Frobel,20,1,2
L,0.201,76,210,Steve Carlton,13,1,2
L,0.203,74,185,Jim Mason,12,1,1
L,0.205,71,160,Don Mason,3,1,1
L,0.211,75,205,Jerry Narron,21,1,1
L,0.212,69,165,Rudy Meoli,2,1,1
L,0.214,73,200,Hal King,24,1,1
L,0.215,73,173,Tom Matchick,4,1,1
L,0.216,71,180,John Stephenson,12,1,1
L,0.216,76,200,Billy Bryan,41,1,1
L,0.22,72,186,Jim Nettles,16,1,1
L,0.22,73,175,Ellie Hendricks,62,2,1
L,0.22,74,175,Ed Crosby,0,2,1
L,0.221,74,195,Bob Jones,20,1,1
L,0.223,73,170,Tim Johnson,0,1,2
L,0.223,73,198,Joe Lahoud,65,1,2
L,0.224,71,174,Bob Burda,13,1,1
L,0.224,74,200,Dick Nen,21,1,1
L,0.224,75,190,Roger Repoz,82,1,1
L,0.225,73,185,Tom Satriano,21,1,1
L,0.226,71,185,Jim Gosger,30,1,1
L,0.227,72,194,Jim Traber,27,1,2
L,0.227,72,175,Mike Fiore,13,1,2
L,0.227,73,189,Johnny Lewis,22,1,1
L,0.227,74,160,Bill Voss,19,1,1
L,0.229,70,195,Mike Brumley,5,1,1
L,0.229,72,180,Dick Phillips,12,2,3
L,0.229,72,180,Doug Clemens,12,2,3
L,0.229,72,185,Duane Walker,24,1,3
L,0.23,68,170,Sandy Valdespino,7,1,1
L,0.23,72,180,Steve Whitaker,24,1,1
L,0.232,72,175,Larry Stahl,36,1,1
L,0.233,72,180,Jake Gibbs,25,1,2
L,0.233,72,190,Clay Dalrymple,55,1,2
L,0.233,74,210,Wayne Gross,121,1,1
L,0.234,74,190,Len Matuszek,30,1,1
L,0.235,70,190,Jim Fairey,7,1,2
L,0.235,70,175,Al Luplow,33,1,2
L,0.235,73,180,Dalton Jones,41,1,1
L,0.235,74,182,Tim Harkness,14,1,1
L,0.236,73,195,Danny Goodwin,13,1,1
L,0.237,71,180,Ed Stroud,14,2,1
L,0.237,73,170,Jerry Kenney,7,1,2
L,0.237,73,180,Harry Spilman,18,2,2
L,0.237,74,195,Curt Blefary,112,1,1
L,0.238,70,185,Norm Miller,24,1,1
L,0.238,71,160,John Donaldson,4,1,2
L,0.238,71,195,Ed Kirkpatrick,85,1,2
L,0.238,72,170,Ty Cline,6,1,1
L,0.239,71,175,Wayne Garrett,61,2,1
L,0.239,72,175,Bernie Allen,73,2,2
L,0.239,72,195,Joe Hague,40,1,2
L,0.239,73,209,Ken Phelps,123,1,1
L,0.239,74,197,Duke Sims,100,1,1
L,0.24,72,170,Mike Phillips,11,1,1
L,0.24,73,185,Ron Hodges,19,1,2
L,0.24,73,195,Ed Herrmann,80,1,2
L,0.241,71,185,Frank Tepedino,6,2,1
L,0.241,72,200,Bill Fahey,7,1,1
L,0.241,74,185,Ron Stone,6,2,1
L,0.242,73,188,Mike Hegan,53,1,1
L,0.242,75,175,Joe Simpson,9,1,1
L,0.242,76,220,Johnny Edwards,81,1,1
L,0.243,70,170,Bobby Mitchell,3,2,1
L,0.243,71,170,Chuck Hiller,20,2,1
L,0.243,72,195,Mike Jorgensen,95,2,1
L,0.243,73,195,Rick Sofield,9,2,1
L,0.244,72,185,Ray Webster,17,1,1
L,0.244,75,230,Mike Epstein,130,1,1
L,0.245,70,150,Curt Ford,7,1,2
L,0.245,70,165,Jack Brohamer,30,1,2
L,0.246,72,185,Joe Keough,9,2,2
L,0.246,72,183,Tommy McCraw,75,1,2
L,0.246,73,185,Dwayne Murphy,166,2,2
L,0.246,73,182,Dave Marshall,16,1,2
L,0.247,71,170,Merritt Ranew,8,1,3
L,0.247,71,175,Marvell Wynne,40,2,3
L,0.247,71,176,Dick McAuliffe,197,1,3
L,0.247,72,180,Mike Lum,90,1,3
L,0.247,72,175,Garry Hancock,12,2,3
L,0.247,72,193,Darrell Porter,188,1,3
L,0.248,71,180,Tom Hutton,22,4,1
L,0.248,72,170,Ken Boswell,31,1,4
L,0.248,72,182,Willie Smith,46,1,4
L,0.248,72,180,Jim Lyttle,9,4,4
L,0.248,72,180,Graig Nettles,390,4,4
L,0.248,73,180,Rob Wilfong,39,4,1
L,0.248,74,185,Larry Harlow,12,1,2
L,0.248,74,200,Darrell Evans,414,1,2
L,0.249,72,185,John Milner,131,1,1
L,0.249,73,180,Gary Thomasson,61,1,1
L,0.249,75,205,Don Mincher,200,1,1
L,0.25,69,175,Denny Doyle,16,1,1
L,0.25,70,170,Ruppert Jones,147,1,1
L,0.25,71,188,Johnny Oates,14,1,1
L,0.25,72,196,Leron Lee,31,1,2
L,0.25,72,180,Terry Crowley,42,1,2
L,0.25,74,195,Jim Spencer,146,1,1
L,0.251,69,150,Sonny Jackson,7,1,1
L,0.251,70,180,Jesse Gonder,26,1,2
L,0.251,70,186,Dave May,96,1,2
L,0.252,73,180,Mack Jones,133,2,1
L,0.252,74,180,Omar Moreno,37,2,1
L,0.253,71,180,Dan Meyer,86,1,2
L,0.253,71,173,Eddie Milner,42,1,2
L,0.253,72,175,John Lowenstein,116,1,1
L,0.253,73,168,Art Shamsky,68,1,3
L,0.253,73,190,Johnny Briggs,139,2,3
L,0.253,73,190,Fred Whitfield,108,2,3
L,0.253,75,185,Rich Reese,52,1,2
L,0.253,75,215,John Mayberry,255,1,2
L,0.253,76,210,Len Gabrielson,37,1,1
L,0.254,71,170,Rich Chiles,6,1,1
L,0.254,72,175,Jimmie Hall,121,2,1
L,0.254,73,185,Pete Ward,98,1,2
L,0.254,73,175,Brian Asselstine,12,2,2
L,0.255,70,178,Bill Sharp,9,1,1
L,0.255,71,175,Tim Flannery,9,1,1
L,0.255,72,205,Pat Putnam,63,2,2
L,0.255,72,210,Tony Solaita,50,1,2
L,0.255,74,205,Champ Summers,54,2,2
L,0.255,74,195,Lee Thomas,106,1,2
L,0.256,69,160,Boots Day,8,1,1
L,0.256,72,180,Tom O'Malley,13,1,1
L,0.256,73,175,Craig Reynolds,42,1,1
L,0.256,79,228,Walt Bond,41,1,1
L,0.257,69,180,Jerry Turner,45,2,1
L,0.257,71,165,Dave Rader,30,1,2
L,0.257,71,220,Gates Brown,84,1,2
L,0.257,73,180,Rick Manning,56,2,1
L,0.257,74,200,Pete LaCock,27,1,1
L,0.257,76,195,Tom Haller,134,1,1
L,0.258,70,170,Joe Lefebvre,31,1,2
L,0.258,70,188,Steve Hovley,8,1,2
L,0.258,72,165,Cesar Geronimo,51,1,2
L,0.258,72,180,Mike Cubbage,34,2,2
L,0.258,73,180,Del Unser,87,2,1
L,0.258,74,185,Joe Pepitone,219,1,1
L,0.259,70,190,Ed Ott,33,1,1
L,0.259,72,170,Rowland Office,32,1,1
L,0.259,73,175,Hosken Powell,17,2,1
L,0.259,74,175,Mike Davis,91,2,2
L,0.259,74,180,Tony Muser,7,1,2
L,0.259,75,195,Clint Hurdle,32,1,1
L,0.26,70,160,Brock Davis,1,1,2
L,0.26,70,165,Jim Dwyer,77,1,2
L,0.26,71,185,Mike Squires,6,1,1
L,0.26,75,180,Ed Goodson,30,1,2
L,0.26,75,205,Greg Walker,113,1,2
L,0.261,71,165,Jose Tartabull,2,1,1
L,0.261,73,190,Roy Howell,80,1,1
L,0.261,74,196,Bob Chance,24,1,1
L,0.261,75,205,Ed Kranepool,118,1,1
L,0.261,76,200,Jason Thompson,208,1,1
L,0.262,72,195,Reggie Jackson,563,2,2
L,0.262,72,185,Willie Upshaw,123,1,2
L,0.262,75,195,Scot Thompson,5,2,1
L,0.263,71,175,Joe Nolan,27,1,1
L,0.263,72,190,Milt May,77,2,1
L,0.263,74,190,Ted Uhlaender,36,2,2
L,0.263,74,185,Bruce Boisclair,10,1,2
L,0.264,70,175,Jim Norris,7,1,1
L,0.264,71,173,Bernie Carbo,96,1,1
L,0.264,72,190,Bob Molinaro,14,1,3
L,0.264,72,180,Phil Mankowski,8,1,3
L,0.264,72,185,Ken Retzer,14,2,3
L,0.264,73,185,Pat Kelly,76,2,1
L,0.264,75,193,Rick Monday,241,1,1
L,0.265,68,170,Rich Coggins,12,2,1
L,0.265,71,160,Oscar Gamble,200,1,2
L,0.265,71,170,Bobby Tolan,86,2,2
L,0.265,72,180,Jim Holt,19,1,1
L,0.265,74,185,Daryl Sconiers,15,1,1
L,0.265,76,210,Dave Revering,62,1,1
L,0.266,70,198,Gail Hopkins,25,1,1
L,0.266,73,180,Wayne Krenchicki,15,1,1
L,0.266,74,205,Mitchell Page,72,1,1
L,0.266,76,230,Boog Powell,339,1,1
L,0.267,71,187,Dan Driessen,153,1,1
L,0.267,73,175,Jay Johnstone,102,1,1
L,0.267,75,190,Jim Northrup,153,1,1
L,0.268,70,165,Ken Landreaux,91,1,2
L,0.268,70,175,Tom Poquette,10,1,2
L,0.268,72,198,George Vukovich,27,1,1
L,0.268,73,197,Willie Crawford,86,1,2
L,0.268,73,180,Rick Leach,18,1,2
L,0.269,72,175,Rick Miller,28,1,1
L,0.27,70,160,Jack Perconte,2,1,1
L,0.27,71,175,Tim Corcoran,12,1,1
L,0.271,67,160,Joe Morgan,268,1,1
L,0.271,70,180,Broderick Perkins,8,2,2
L,0.271,70,180,Steve Braun,52,2,2
L,0.271,72,175,Duane Kuiper,1,1,1
L,0.271,73,165,Rudy Law,18,1,1
L,0.271,75,220,Willie Aikens,110,1,2
L,0.271,75,190,Al Woods,35,1,2
L,0.272,73,185,Manny Jimenez,26,1,1
L,0.272,75,175,Thad Bosley,20,1,1
L,0.273,70,170,Von Joshua,30,1,1
L,0.273,74,205,Larry Biittner,29,1,2
L,0.273,74,160,Ben Oglivie,235,1,2
L,0.274,70,165,Gene Locklear,9,1,1
L,0.274,71,200,Carlos May,90,1,1
L,0.274,73,190,Terry Francona,16,1,1
L,0.275,69,165,Jerry Remy,7,1,1
L,0.275,72,170,Willie Montanez,139,1,1
L,0.276,72,180,Dane Iorg,14,1,1
L,0.276,73,195,Richie Hebner,203,1,1
L,0.277,71,160,Bobby Murcer,252,1,1
L,0.277,72,175,Jeff Stone,11,1,1
L,0.277,73,185,Leon Durham,147,1,1
L,0.278,70,170,Jorge Orta,130,1,1
L,0.278,72,195,Steve Kemp,130,1,2
L,0.278,72,190,Claudell Washington,164,1,2
L,0.278,75,175,Johnny Grubb,99,1,1
L,0.279,67,150,Vic Davalillo,36,1,1
L,0.279,73,195,Chris Chambliss,185,1,1
L,0.279,74,190,Rusty Staub,292,1,2
L,0.279,74,180,Willie Davis,182,1,2
L,0.28,73,180,Glenn Adams,34,1,1
L,0.281,68,170,Al Bumbry,54,1,1
L,0.281,73,197,Terry Whitfield,33,1,1
L,0.282,74,188,Willie Stargell,475,1,1
L,0.282,75,195,Bruce Bochte,100,1,1
L,0.283,69,175,Floyd Robinson,67,1,1
L,0.283,73,185,Fred Lynn,306,1,1
L,0.284,72,170,Jose Cruz,165,1,1
L,0.285,71,175,Carl Yastrzemski,452,1,1
L,0.286,69,170,Tony Gonzalez,103,1,1
L,0.287,70,160,Greg Gross,7,1,1
L,0.289,72,185,Bill Buckner,174,1,1
L,0.29,72,195,Mike Hargrove,80,1,2
L,0.29,72,175,Gene Richards,26,1,2
L,0.293,71,170,Lou Brock,149,1,1
L,0.293,72,190,Mike Easler,118,1,1
L,0.293,73,195,Ron Blomberg,52,1,1
L,0.295,70,165,Mickey Rivers,61,1,1
L,0.296,72,180,Keith Hernandez,162,1,1
L,0.298,74,165,Cecil Cooper,241,1,1
L,0.299,74,190,Bake McBride,63,1,1
L,0.303,72,195,Al Oliver,219,1,1
L,0.304,73,175,Tony Oliva,220,1,1
L,0.306,71,185,Ralph Garr,75,1,1
L,0.307,69,160,Matty Alou,31,1,1
L,0.311,73,180,Lyman Bostock,23,1,1
L,0.328,72,170,Rod Carew,92,1,1
R,0,70,170,Todd Fischer,0,9,6
R,0,70,177,Tony Mack,0,2,6
R,0,70,178,Luis Encarnacion,0,2,6
R,0,70,160,Bill Wilkinson,0,3,6
R,0,70,180,Allan Ramirez,0,21,6
R,0,70,155,Ramon Pena,0,2,6
R,0,71,170,Tony Arnold,0,9,19
R,0,71,188,Bobby Cuellar,0,1,19
R,0,71,177,Tony Chevez,0,2,19
R,0,71,155,Francisco Barrios,0,2,19
R,0,71,182,Greg Thayer,0,2,19
R,0,71,180,Leon Hooten,0,21,19
R,0,71,170,Bill Castro,0,9,19
R,0,71,180,Glen Cook,0,21,19
R,0,71,185,Frank Eufemia,0,23,19
R,0,71,185,Tom Makowski,0,23,19
R,0,71,180,De Wayne Vaughn,0,21,19
R,0,71,175,Craig Eaton,0,18,19
R,0,71,200,Jack Lazorko,0,13,19
R,0,71,180,Carlos Velazquez,0,21,19
R,0,71,190,Mike Paxton,0,29,19
R,0,71,185,Chico Escarrega,0,23,19
R,0,71,170,Paul Wilmet,0,9,19
R,0,71,185,Gary Ignasiak,0,23,19
R,0,71,180,Jose Cecena,0,21,19
R,0,72,150,Ramon Manon,0,1,19
R,0,72,175,Bill Paschall,0,18,19
R,0,72,175,Roy Branch,0,18,19
R,0,72,195,Howard Bailey,0,16,19
R,0,72,180,Dennis Burtt,0,21,19
R,0,72,180,Dewey Robinson,0,21,19
R,0,72,175,John Flinn,0,18,19
R,0,72,180,Mark Ciardi,0,21,19
R,0,72,170,De Wayne Buice,0,9,19
R,0,72,180,Tom McCarthy,0,21,19
R,0,72,185,Luis Aponte,0,23,19
R,0,72,175,Jose Roman,0,18,19
R,0,72,185,Bob Davidson,0,23,19
R,0,72,175,Bob Veselic,0,18,19
R,0,72,185,Rich Wortham,0,23,19
R,0,72,178,Bruce Taylor,0,2,19
R,0,72,160,Rafael Vasquez,0,3,19
R,0,72,175,Bill Mooneyham,0,18,19
R,0,72,190,Mel Stottlemyre,0,29,19
R,0,73,190,Eric Wilkins,0,29,26
R,0,73,185,Tom Gilles,0,23,26
R,0,73,193,Les Straker,0,1,26
R,0,73,170,Tom Brown,0,9,26
R,0,73,190,Craig Chamberlain,0,29,26
R,0,73,190,Mark Esser,0,29,26
R,0,73,180,Mike Trujillo,0,21,26
R,0,73,180,Terry Felton,0,21,26
R,0,73,165,Jim Wright,0,1,26
R,0,73,190,Greg Erardi,0,29,26
R,0,73,183,Dave Johnson,0,1,26
R,0,73,175,Brian Allard,0,18,26
R,0,73,180,Terry Taylor,0,21,26
R,0,73,195,Jerry Ujdur,0,16,26
R,0,73,195,Paul Mitchell,0,16,26
R,0,73,185,Gil Patterson,0,23,26
R,0,73,175,Jeff Sellers,0,18,26
R,0,73,195,Sandy Wihtol,0,16,26
R,0,73,200,Matt Williams,0,13,26
R,0,73,175,Mike Warren,0,18,26
R,0,73,190,Dave Smith,0,29,26
R,0,73,175,Byron McLaughlin,0,18,26
R,0,73,185,Don Cooper,0,23,26
R,0,73,195,Jim Farr,0,16,26
R,0,73,175,Clint Zavaras,0,18,26
R,0,73,175,Don Gordon,0,18,26
R,0,74,187,Rich Yett,0,2,33
R,0,74,195,Mike Brown,0,16,33
R,0,74,180,Keith Creel,0,21,33
R,0,74,180,Mike Bacsik,0,21,33
R,0,74,185,Alex Sanchez,0,23,33
R,0,74,190,Rickey Keeton,0,29,33
R,0,74,190,John Hoover,0,29,33
R,0,74,170,Luis Sanchez,0,9,33
R,0,74,180,Phil Huffman,0,21,33
R,0,74,195,Ozzie Osborn,0,16,33
R,0,74,195,Bryan Kelly,0,16,33
R,0,74,185,Shawn Holman,0,23,33
R,0,74,160,Win Remmerswaal,0,3,33
R,0,74,190,Mike Overy,0,29,33
R,0,74,210,Rick Anderson,0,12,33
R,0,74,215,Mark Smith,0,3,33
R,0,74,185,Steve Eddy,0,23,33
R,0,74,175,John Pawlowski,0,18,33
R,0,74,205,Steve Senteney,0,13,33
R,0,74,210,Terry Wilshusen,0,12,33
R,0,74,200,Paul Boris,0,13,33
R,0,74,185,Ron Musselman,0,23,33
R,0,74,185,Stan Thomas,0,23,33
R,0,74,185,Rick Kreuger,0,23,33
R,0,74,200,John Leister,0,13,33
R,0,74,175,Jack Hardy,0,18,33
R,0,74,190,Tom Klawitter,0,29,33
R,0,74,180,Fernando Arroyo,0,21,33
R,0,74,195,Jeff Peterek,0,16,33
R,0,74,190,Tom Dozier,0,29,33
R,0,74,175,Curt Kaufman,0,18,33
R,0,74,185,Colby Ward,0,23,33
R,0,74,190,Rick Lysander,0,29,33
R,0,75,190,John Hobbs,0,29,37
R,0,75,180,Mike Smith,0,21,37
R,0,75,180,Jeff Bettendorf,0,21,37
R,0,75,205,Don Kainer,0,13,37
R,0,75,195,Jeff Shaver,0,16,37
R,0,75,185,Jeff Richardson,0,23,37
R,0,75,190,Fred Howard,0,29,37
R,0,75,190,Jim Lewis,0,29,37
R,0,75,190,Joe Skalski,0,29,37
R,0,75,190,Roger Weaver,0,29,37
R,0,75,210,Jeff Jones,0,12,37
R,0,75,205,Gary Wheelock,0,13,37
R,0,75,195,Jim Burton,0,16,37
R,0,75,205,Larry Pashnick,0,13,37
R,0,75,205,Frank Dimichele,0,13,37
R,0,75,185,Alfredo Martinez,0,23,37
R,0,75,180,Craig Mitchell,0,21,37
R,0,75,203,Butch Edge,0,2,37
R,0,75,205,John Trautwein,0,13,37
R,0,75,195,Bill Fulton,0,16,37
R,0,75,190,Roger Slagle,0,29,37
R,0,75,170,Charlie Mitchell,0,9,37
R,0,75,198,Al Lachowicz,0,1,37
R,0,75,210,Bud Anderson,0,12,37
R,0,75,190,Jim Gideon,0,29,37
R,0,75,185,Gary Mielke,0,23,37
R,0,75,200,Tom Buskey,0,13,37
R,0,75,205,Andy Beene,0,13,37
R,0,75,187,Chuck Porter,0,2,37
R,0,75,208,Cardell Camper,0,1,37
R,0,75,175,Danny Fife,0,18,37
R,0,75,190,Larry Anderson,0,29,37
R,0,75,195,Jeff Byrd,0,16,37
R,0,75,175,Eric Hetzel,0,18,37
R,0,75,180,John Caneira,0,21,37
R,0,75,200,Roger Miller,0,13,37
R,0,75,185,Rob Woodward,0,23,37
R,0,76,185,Daryl Smith,0,23,31
R,0,76,190,Karl Best,0,29,31
R,0,76,195,Ron Romanick,0,16,31
R,0,76,210,Bob Kammeyer,0,12,31
R,0,76,210,Al Jones,0,12,31
R,0,76,205,Brian Denman,0,13,31
R,0,76,215,Randy Nosek,0,3,31
R,0,76,200,Jaime Cocanower,0,13,31
R,0,76,190,Alan Wirth,0,29,31
R,0,76,190,Mike Darr,0,29,31
R,0,76,220,Willie Mueller,0,2,31
R,0,76,210,Mike Loynd,0,12,31
R,0,76,190,Dave Ford,0,29,31
R,0,76,182,Jay Pettibone,0,2,31
R,0,76,195,Chris Batton,0,16,31
R,0,76,235,Dave Lemanczyk,0,2,31
R,0,76,200,Jim Siwy,0,13,31
R,0,76,186,Rich Barnes,0,1,31
R,0,76,223,Bryan Clutterbuck,0,1,31
R,0,76,200,Larry Monroe,0,13,31
R,0,76,210,Bill Moran,0,12,31
R,0,76,205,Don Welchel,0,13,31
R,0,76,190,T.R. Bryden,0,29,31
R,0,76,200,Mark Clear,0,13,31
R,0,76,200,Rick Steirer,0,13,31
R,0,76,190,Keith Macwhorter,0,29,31
R,0,76,190,Albert Williams,0,29,31
R,0,76,172,Oswaldo Peraza,0,1,31
R,0,76,205,Gary Beare,0,13,31
R,0,76,185,John Butcher,0,23,31
R,0,76,210,Mike Parrott,0,12,31
R,0,77,200,Paul Hartzell,0,13,10
R,0,77,205,Clay Christiansen,0,13,10
R,0,77,195,Chris Knapp,0,16,10
R,0,77,200,Steve Brown,0,13,10
R,0,77,205,Andy Replogle,0,13,10
R,0,77,210,Barry Cort,0,12,10
R,0,77,205,Jim Wright,0,13,10
R,0,77,203,Mike Walters,0,2,10
R,0,77,210,Bob Babcock,0,12,10
R,0,77,170,Ike Brookens,0,9,10
R,0,78,215,Sam Hinds,0,3,6
R,0,78,225,Rick Henninger,0,2,6
R,0,78,217,Steve Curry,0,1,6
R,0,78,225,Bob Ferris,0,2,6
R,0,78,210,Steve Adkins,0,12,6
R,0,78,235,Dave Frost,0,2,6
R,0,79,230,Ben Callahan,0,1,2
R,0,79,190,Jim Dorsey,0,29,2
R,0,80,220,Steve Ellsworth,0,2,2
R,0,80,245,Stefan Wever,0,1,2
R,0.066,75,200,Dean Chance,0,1,1
R,0.111,76,195,Jack Billingham,0,1,1
R,0.119,74,205,Jerry Koosman,2,1,1
R,0.123,72,200,Ray Culp,1,1,1
R,0.123,73,210,Burt Hooton,4,1,1
R,0.127,71,175,Al Downing,2,1,1
R,0.13,73,182,Denny Lemaster,4,1,1
R,0.131,76,205,Gaylord Perry,6,1,1
R,0.132,72,174,Mario Soto,1,1,2
R,0.132,72,178,Randy Jones,0,1,2
R,0.133,71,185,Dave McNally,9,2,1
R,0.133,73,185,Denny McLain,1,2,1
R,0.134,72,170,Joe Horlen,0,1,1
R,0.136,76,215,Larry Dierker,4,1,1
R,0.136,77,200,Jim Lonborg,3,1,1
R,0.138,74,175,Steve Rogers,0,1,2
R,0.138,74,197,Gary Nolan,1,2,2
R,0.138,75,197,Woodie Fryman,2,2,1
R,0.144,73,185,Don Sutton,0,1,1
R,0.146,74,195,Don Wilson,1,1,1
R,0.151,77,200,Ray Burris,1,1,1
R,0.154,73,195,Tom Seaver,12,1,1
R,0.156,72,200,Carl Morton,7,1,1
R,0.156,73,185,Joe Niekro,1,1,1
R,0.157,75,180,Tommy John,5,1,1
R,0.158,78,215,Ron Reed,0,1,1
R,0.16,73,178,Mel Stottlemyre,7,1,1
R,0.161,73,187,John Vukovich,6,1,1
R,0.162,75,205,Jim Barr,1,1,1
R,0.163,74,175,Ken Holtzman,2,1,1
R,0.164,72,180,Luis Tiant,5,1,1
R,0.165,72,185,Juan Marichal,4,1,1
R,0.165,77,205,Fergie Jenkins,13,1,1
R,0.168,80,222,J.R. Richard,10,1,1
R,0.169,73,180,Phil Niekro,7,1,1
R,0.17,73,200,Andy Messersmith,5,1,1
R,0.17,75,185,John Denny,0,1,1
R,0.172,72,165,Steve Blass,1,1,1
R,0.173,75,190,Sonny Siebert,12,1,1
R,0.175,71,165,Ray Oyler,15,1,1
R,0.18,72,165,Tommy Dean,4,1,1
R,0.183,75,190,Dick Ruthven,1,1,1
R,0.188,73,190,Bill Plummer,14,1,1
R,0.189,70,175,Ron Clark,5,1,1
R,0.192,72,210,Tony Cloninger,11,1,1
R,0.193,74,175,Luis Pujols,6,1,2
R,0.193,74,205,Mike Ryan,28,2,2
R,0.193,77,205,Mike Krukow,5,2,1
R,0.195,71,170,Rich Morales,6,1,1
R,0.195,73,180,Rick Wise,15,1,1
R,0.197,72,180,Bob Davis,6,1,1
R,0.199,71,195,Doug Camilli,18,1,1
R,0.199,72,185,Frank Fernandez,39,1,2
R,0.199,72,180,Orlando Mercado,7,1,2
R,0.2,73,190,Bob Uecker,14,1,1
R,0.2,76,218,Tom Egan,22,1,1
R,0.201,72,195,Jim Rooker,7,1,1
R,0.204,74,185,Jerry Zimmerman,3,1,1
R,0.205,70,170,George Smith,9,1,1
R,0.205,73,193,Tom Nieto,5,1,1
R,0.207,71,170,Tom Lawless,2,1,1
R,0.207,76,176,Dick Simpson,15,1,1
R,0.208,70,170,Bobby Klaus,6,1,1
R,0.208,71,165,Jackie Hernandez,12,1,1
R,0.21,69,150,Luis Gomez,0,1,1
R,0.211,72,175,Jack Heidemann,9,1,1
R,0.211,75,185,Terry Humphrey,6,1,1
R,0.212,72,180,Angel Salazar,2,1,1
R,0.212,73,190,Ned Yost,16,1,1
R,0.212,74,215,Dave Nicholson,61,1,1
R,0.213,68,164,Curt Motton,25,1,1
R,0.213,69,176,Mick Kelleher,0,1,1
R,0.213,71,160,Dick Tracewski,8,1,2
R,0.213,71,191,Dave Hilton,6,1,2
R,0.213,72,190,Alan Knicely,12,1,1
R,0.213,73,180,Ken Rudolph,6,2,2
R,0.213,73,180,Dave Campbell,20,2,2
R,0.213,76,200,Bob Forsch,12,1,1
R,0.214,69,162,Luis Alvarado,5,1,1
R,0.214,72,192,Jim Price,18,1,2
R,0.214,72,195,Jeff Torborg,8,1,2
R,0.214,73,170,Frank Quilici,5,1,1
R,0.214,74,190,Dave Duncan,109,1,1
R,0.215,71,170,Mario Mendoza,4,2,2
R,0.215,71,190,Skip Jutze,3,2,2
R,0.215,73,187,Bobby Wine,30,1,1
R,0.215,74,190,Phil Roof,43,2,2
R,0.215,74,195,Larry Haney,12,1,2
R,0.215,75,170,Jose Arcia,1,2,1
R,0.215,77,230,Steve Renko,6,1,1
R,0.216,70,165,Fred Stanley,10,1,1
R,0.216,72,175,Hector Torres,18,1,2
R,0.216,72,180,Pat Corrales,4,1,2
R,0.216,74,205,Steve Swisher,20,1,1
R,0.216,76,204,Howie Goss,11,1,1
R,0.217,71,157,Dal Maxvill,6,1,1
R,0.218,72,170,Stan Papi,7,2,2
R,0.218,72,170,Jim Anderson,13,2,2
R,0.218,73,195,Tucker Ashford,6,1,1
R,0.219,70,180,Ted Ford,17,1,2
R,0.219,70,165,Craig Robinson,0,1,2
R,0.219,73,195,John Boccabella,26,1,1
R,0.22,70,175,Pedro Garcia,37,3,1
R,0.22,71,185,Jerry Buchek,22,2,2
R,0.22,71,183,Bob Coluccio,26,1,2
R,0.22,72,165,Rick Auerbach,9,2,2
R,0.22,72,175,Todd Cruz,34,3,2
R,0.22,73,165,Mike Fischlin,3,2,2
R,0.22,73,185,Tim Cullen,9,2,2
R,0.22,76,175,Danny Ainge,2,3,1
R,0.221,70,178,Larry Cox,12,1,1
R,0.221,71,185,Gary Allenson,19,1,1
R,0.221,72,190,Ken Gerhart,24,1,3
R,0.221,72,187,Duffy Dyer,30,1,3
R,0.221,72,188,Rick Renick,20,1,3
R,0.222,72,195,Kevin Bell,13,1,1
R,0.222,74,165,Johnnie LeMaster,22,1,1
R,0.223,69,170,Jimmie Schaffer,11,1,1
R,0.223,72,195,Danny Walton,28,2,2
R,0.223,72,180,Andres Mora,27,1,2
R,0.223,73,188,Sam Bowens,45,1,1
R,0.223,75,205,Marc Hill,34,1,1
R,0.223,76,195,Nelson Mathews,22,2,1
R,0.224,68,155,Enzo Hernandez,2,1,1
R,0.224,72,200,Carmen Fanzone,20,1,2
R,0.224,72,170,Ed Brinkman,60,1,2
R,0.224,74,215,Jeff Newman,63,1,1
R,0.225,70,190,Buck Martinez,58,1,1
R,0.225,71,180,Bobby Cox,9,2,3
R,0.225,71,185,Rich McKinney,20,2,3
R,0.225,71,170,Hector Cruz,39,1,3
R,0.225,72,185,John Kennedy,32,2,1
R,0.225,74,210,Gorman Thomas,268,1,1
R,0.225,75,212,Tim Laudner,77,1,1
R,0.225,76,180,Paul Casanova,50,2,1
R,0.226,69,165,Mike Sadek,5,1,1
R,0.226,70,160,Nate Oliver,2,1,1
R,0.226,71,170,Buddy Bradford,52,2,1
R,0.226,72,175,Bob Barton,9,1,3
R,0.226,72,170,Mike Richardt,4,2,3
R,0.226,72,190,Catfish Hunter,6,3,3
R,0.226,74,190,Tommie Reynolds,12,3,2
R,0.226,74,190,Pete Mackanin,30,3,2
R,0.227,69,175,Ken Suarez,5,1,1
R,0.227,72,190,Sal Butera,8,1,1
R,0.227,73,195,Dick Billings,16,1,1
R,0.228,72,190,Steve Yeager,102,1,2
R,0.228,72,178,Joe Nossek,3,1,2
R,0.228,73,165,Brian Giles,10,1,3
R,0.228,73,170,Mark Belanger,20,1,3
R,0.228,73,195,Russ Gibson,8,1,3
R,0.228,74,180,Hal Lanier,8,1,1
R,0.229,70,185,Vic Correll,29,2,2
R,0.229,70,175,Wayne Comer,16,1,2
R,0.229,72,185,Mike Champion,2,2,1
R,0.229,74,220,Don Leppert,15,1,1
R,0.229,75,190,Tommie Aaron,13,1,1
R,0.229,76,215,Dave Hostetler,37,1,2
R,0.229,76,210,Glenn Borgmann,16,1,2
R,0.23,69,160,Lenn Sakata,25,1,1
R,0.23,70,165,Winston Llenas,3,1,1
R,0.23,73,185,Syd O'Brien,24,1,1
R,0.23,74,195,Cap Peterson,19,2,2
R,0.23,74,195,Gary Alexander,55,2,2
R,0.23,75,210,John Bateman,81,1,2
R,0.23,75,205,Barry Foote,57,1,2
R,0.231,72,170,Brad Wellman,6,1,1
R,0.231,73,180,Ken Walters,11,1,1
R,0.231,74,190,Jim Beauchamp,14,1,1
R,0.232,69,160,Elio Chacon,4,1,1
R,0.232,72,175,Ron Gardenhire,4,1,1
R,0.232,73,170,Vern Fuller,14,1,2
R,0.232,73,180,Frank Duffy,26,1,2
R,0.232,76,205,Bob Tillman,79,1,1
R,0.233,70,160,Larry Brown,47,1,3
R,0.233,70,165,Coco Laboy,28,1,3
R,0.233,70,168,Ron Woods,26,1,3
R,0.233,72,175,Steve Lombardozzi,20,3,4
R,0.233,72,175,Joe Lis,32,3,4
R,0.233,72,190,Bob Kearney,27,1,4
R,0.233,72,175,Ron Davis,10,3,4
R,0.233,73,185,Ted Savage,34,1,1
R,0.233,74,180,Terry Harmon,4,1,1
R,0.234,73,185,Fred Kendall,31,2,2
R,0.234,73,170,Andres Thomas,42,1,2
R,0.234,74,180,Jerry Dybzinski,3,1,3
R,0.234,74,185,Rob Picciolo,17,2,3
R,0.234,74,190,Jerry May,15,1,3
R,0.235,69,155,Cesar Gutierrez,0,1,1
R,0.235,70,165,Fernando Gonzalez,17,1,1
R,0.235,71,162,Julio Gonzalez,4,1,1
R,0.235,72,190,Chris Cannizzaro,18,2,1
R,0.235,73,190,Andy Etchebarren,49,2,2
R,0.235,73,180,Phil Linz,11,1,2
R,0.235,75,210,Craig Kusick,46,1,2
R,0.235,75,185,Bobby Mitchell,21,1,2
R,0.236,69,173,Luis Aguayo,37,1,1
R,0.236,70,165,Billy Grabarkewitz,28,1,1
R,0.236,71,170,Randy Hundley,82,4,2
R,0.236,71,160,Dave Rosello,10,1,2
R,0.236,72,180,Dale Berra,49,4,4
R,0.236,72,170,Billy Cowan,40,4,4
R,0.236,72,170,Eddie Leon,24,4,4
R,0.236,72,180,Kurt Bevacqua,27,4,4
R,0.236,73,170,Bobby Knoop,56,4,2
R,0.236,73,180,Don Hahn,7,4,2
R,0.236,74,180,Woody Woodward,1,4,4
R,0.236,74,195,George Mitterwald,76,2,4
R,0.236,74,190,Byron Browne,30,1,4
R,0.236,74,195,Ivan Murrell,33,2,4
R,0.236,75,205,Andy Kosco,73,1,2
R,0.236,75,200,Doug Ault,17,1,2
R,0.236,78,210,Dave Kingman,442,1,1
R,0.237,69,150,Gil Garrido,1,1,1
R,0.237,70,180,Aurelio Rodriguez,124,2,1
R,0.237,71,175,Jackie Gutierrez,4,1,1
R,0.237,72,180,Jerry McNertney,27,2,3
R,0.237,72,195,Glenn Burke,2,1,3
R,0.237,72,170,Dave Edwards,14,1,3
R,0.238,70,185,Chuck Harrison,17,1,1
R,0.238,71,165,Doug Flynn,7,1,2
R,0.238,71,180,Ed Spiezio,39,2,2
R,0.238,73,180,Phil Gagliano,14,2,1
R,0.238,74,215,Doc Edwards,15,1,2
R,0.238,74,195,Don Lock,122,2,2
R,0.238,75,195,Rick Rhoden,9,2,1
R,0.239,66,160,Onix Concepcion,3,2,1
R,0.239,67,167,Ron Brand,3,1,1
R,0.239,70,160,Chuck Schilling,23,2,1
R,0.239,71,180,Kiko Garcia,12,1,1
R,0.239,72,190,Bobby Clark,19,2,1
R,0.239,73,170,Charley Smith,69,1,1
R,0.239,74,190,Ken Harrelson,131,2,1
R,0.239,75,215,Dave Roberts,49,1,2
R,0.239,75,205,Bruce Bochy,26,1,2
R,0.24,70,180,Dick Green,80,1,3
R,0.24,70,154,Domingo Ramos,8,1,3
R,0.24,70,159,Pepe Frias,1,1,3
R,0.24,72,165,Ted Martinez,7,1,2
R,0.24,72,187,Gary Gray,24,1,2
R,0.24,74,200,Joe Ferguson,122,2,2
R,0.24,74,200,Bill Schroeder,61,2,2
R,0.241,69,170,Mike Tyson,27,2,1
R,0.241,71,170,Mickey Klutts,14,2,1
R,0.241,72,190,Gene Tenace,201,3,2
R,0.241,72,190,Hank Allen,6,3,2
R,0.241,73,190,Joe Gaines,21,3,3
R,0.241,73,180,Rod Kanehl,6,1,3
R,0.241,73,175,Tom Veryzer,14,1,3
R,0.241,74,200,Bill Nahorodny,25,2,2
R,0.241,74,200,Dave Skaggs,3,2,2
R,0.242,65,148,Freddie Patek,41,1,1
R,0.242,70,162,Don Wert,77,1,2
R,0.242,70,157,Pepe Mangual,16,1,2
R,0.242,71,185,Bob Brower,17,2,1
R,0.242,72,185,Willie Norwood,18,2,1
R,0.242,73,195,Bob Robertson,115,2,3
R,0.242,73,175,Glenn Hoffman,23,2,3
R,0.242,73,175,Bruce Benedict,18,2,3
R,0.242,74,195,Ron Swoboda,73,2,1
R,0.243,69,196,Darryl Motley,44,1,1
R,0.243,71,160,Rey Quinones,29,1,1
R,0.243,72,165,Mark Wagner,3,1,2
R,0.243,72,185,Gary Sutherland,24,2,2
R,0.243,73,192,Rick Joseph,13,1,3
R,0.243,73,180,Ozzie Virgil,98,2,3
R,0.243,73,180,Steve Dillard,13,2,3
R,0.243,74,190,Nate Colbert,173,1,3
R,0.243,74,200,Hal Breeden,21,1,3
R,0.243,74,185,Gary Woods,13,2,3
R,0.244,69,150,Glenn Hubbard,70,1,1
R,0.244,70,190,Floyd Rayford,38,1,2
R,0.244,70,160,Dave Nelson,20,1,2
R,0.244,71,165,Paul Schaal,57,1,1
R,0.244,72,176,Pedro Gonzalez,8,1,1
R,0.244,73,195,Leroy Stanton,77,2,2
R,0.244,73,180,Johnny Jeter,18,1,2
R,0.244,74,200,Deron Johnson,245,1,2
R,0.244,74,195,Jim Essian,33,2,2
R,0.245,68,170,Roberto Pena,13,1,1
R,0.245,70,178,Angel Mangual,22,1,1
R,0.245,71,185,Ellie Rodriguez,16,1,1
R,0.245,72,160,Doug Griffin,7,1,2
R,0.245,72,190,Roger Freed,22,1,2
R,0.245,75,195,Ted Cox,10,1,1
R,0.245,76,192,Jody Davis,127,1,1
R,0.246,70,165,Tom Brookens,71,2,1
R,0.246,71,160,Marty Perez,22,1,1
R,0.246,73,185,Bruce Miller,1,1,3
R,0.246,73,165,Rafael Santana,13,2,3
R,0.246,73,175,Chris Speier,112,1,3
R,0.246,74,200,Mike Anderson,28,1,1
R,0.246,75,215,Charlie Spikes,65,1,1
R,0.247,69,170,Bucky Dent,40,1,1
R,0.247,71,185,Max Alvis,111,2,2
R,0.247,71,160,Ed Romero,8,1,2
R,0.247,72,175,Bob Heise,1,3,1
R,0.247,73,175,Adolfo Phillips,59,3,2
R,0.247,73,185,Lou Clinton,65,2,2
R,0.247,74,175,Ken Hubbs,14,3,3
R,0.247,74,195,Mike Diaz,31,1,3
R,0.247,74,210,Bob Brenly,91,1,3
R,0.247,75,215,Brant Alyea,38,2,3
R,0.247,75,215,Earl Williams,138,2,3
R,0.247,75,205,Gary Roenicke,121,1,3
R,0.248,68,165,Ron Theobald,2,2,2
R,0.248,68,155,Dick Howser,16,1,2
R,0.248,70,170,Carl Warwick,31,1,2
R,0.248,70,185,Steve Nicosia,11,2,2
R,0.248,71,175,Junior Kennedy,4,1,1
R,0.248,72,215,Joe Foy,58,1,4
R,0.248,72,165,Luis Melendez,9,2,4
R,0.248,72,190,Jim Sundberg,95,2,4
R,0.248,72,183,Danny Thompson,15,1,4
R,0.248,73,193,Butch Hobson,98,1,2
R,0.248,73,185,Mickey Stanley,117,2,2
R,0.248,74,180,Rod Gilbreath,14,1,1
R,0.248,75,190,Ken McMullen,156,2,1
R,0.249,70,165,Alex Trevino,23,2,2
R,0.249,70,160,Chico Salmon,31,1,2
R,0.249,71,175,Tito Landrum,13,1,1
R,0.249,72,165,Jerry Royster,40,2,1
R,0.249,74,190,Tom Grieve,65,1,1
R,0.249,75,215,John Orsino,40,1,1
R,0.25,70,160,Jimmy Wynn,291,1,4
R,0.25,70,169,Joe Strain,1,1,4
R,0.25,70,154,Mike Edwards,2,1,4
R,0.25,70,170,Jim Pankovits,9,1,4
R,0.25,71,185,Rick Bosetti,17,2,1
R,0.25,72,180,Greg Pryor,14,1,5
R,0.25,72,168,Paul Blair,134,1,5
R,0.25,72,185,Denis Menke,101,2,5
R,0.25,72,175,Marv Breeding,7,1,5
R,0.25,72,200,Dick Bertell,10,2,5
R,0.25,73,163,Jake Wood,35,1,1
R,0.25,75,200,Nick Esasky,122,2,1
R,0.25,77,220,Fran Healy,20,1,1
R,0.251,70,155,Andre Robertson,5,1,1
R,0.251,71,175,Mike de la Hoz,25,2,1
R,0.251,72,179,Tim Foli,25,1,5
R,0.251,72,175,Rico Petrocelli,210,2,5
R,0.251,72,185,Rob Andrews,3,2,5
R,0.251,72,170,Lenny Faedo,5,2,5
R,0.251,72,170,Otto Velez,78,2,5
R,0.251,73,185,Benny Ayala,38,2,3
R,0.251,73,195,Jerry Martin,85,1,3
R,0.251,73,180,Barry Evans,2,1,3
R,0.251,74,190,Jack Hiatt,22,2,3
R,0.251,74,208,Doug Rader,155,1,3
R,0.251,74,190,Bobby Darwin,83,2,3
R,0.251,75,210,Jerry Moses,25,1,1
R,0.252,69,175,Lynn Jones,7,3,1
R,0.252,70,185,Jerry Grote,39,1,3
R,0.252,70,175,Dave Chalk,15,3,3
R,0.252,70,175,Mike Hershberger,26,3,3
R,0.252,71,182,Tony Armas,251,1,1
R,0.252,72,190,Joe Azcue,50,1,1
R,0.252,75,192,Jim Hickman,159,1,1
R,0.253,68,167,Larvell Blanks,20,1,1
R,0.253,71,165,Jerry Terrell,4,1,1
R,0.253,72,185,Roy Foster,45,1,1
R,0.253,74,200,Bill Melton,160,1,1
R,0.253,76,195,Terry Harper,36,1,1
R,0.254,70,160,Gene Alley,55,1,1
R,0.254,71,175,Ivan DeJesus,21,1,2
R,0.254,71,165,Felix Torres,27,1,2
R,0.254,72,195,Sal Bando,242,2,1
R,0.254,74,195,Bob Boone,105,2,1
R,0.254,75,200,Andre Thornton,253,1,2
R,0.254,75,180,Bill Almon,36,1,2
R,0.255,71,165,Frank White,160,1,3
R,0.255,71,185,Bo Diaz,87,1,3
R,0.255,71,195,Tommie Agee,130,3,3
R,0.255,72,155,Frank Taveras,2,1,3
R,0.255,72,160,Bob Dernier,23,1,3
R,0.255,72,175,Ken Berry,58,1,3
R,0.255,73,195,Charlie James,29,3,1
R,0.255,75,195,Mike Shannon,68,3,1
R,0.256,69,170,Juan Bonilla,7,1,1
R,0.256,72,180,Billy Conigliaro,40,1,2
R,0.256,72,190,Ike Brown,20,2,2
R,0.256,74,215,Ray Fosse,61,1,1
R,0.256,75,205,Bob Oliver,94,1,2
R,0.256,75,190,Cito Gaston,91,2,2
R,0.257,69,165,Tommy Harper,146,1,1
R,0.257,70,155,Mario Guerrero,7,1,1
R,0.257,71,150,Leo Cardenas,118,1,1
R,0.257,72,180,Rich Dauer,43,2,1
R,0.257,73,175,Julian Javier,78,2,2
R,0.257,73,180,Bob Bailey,189,2,2
R,0.257,74,175,Bob Randall,1,2,1
R,0.258,71,170,Garth Iorg,20,2,2
R,0.258,71,170,Lou Johnson,48,2,2
R,0.258,72,190,Steve Brye,30,2,2
R,0.258,72,190,Duane Josephson,23,2,2
R,0.258,73,195,Bob Montgomery,23,2,1
R,0.258,74,189,Bill Robinson,166,1,1
R,0.258,75,195,Mike Andrews,66,2,1
R,0.258,76,215,Cliff Johnson,196,1,1
R,0.259,70,180,Mickey Brantley,32,1,3
R,0.259,70,160,Bert Campaneris,79,1,3
R,0.259,70,155,Jerry Morales,95,1,3
R,0.259,72,200,Ron Jackson,56,2,1
R,0.259,73,200,Al Ferrara,51,2,2
R,0.259,73,210,Mark Brouhard,25,1,2
R,0.259,74,190,Doug DeCinces,237,1,1
R,0.26,70,175,Phil Garner,109,3,2
R,0.26,70,189,Bobby Valentine,12,1,2
R,0.26,71,175,Jim Wohlford,21,3,2
R,0.26,71,175,Jim Morrison,112,3,2
R,0.26,72,185,John Stearns,46,1,3
R,0.26,72,180,Julio Gotay,6,2,3
R,0.26,72,180,Ken Reitz,68,2,3
R,0.26,73,190,Don Baylor,338,2,1
R,0.26,74,190,Art Howe,43,2,1
R,0.261,70,185,Ron Cey,316,1,1
R,0.261,71,180,Charlie Moore,36,2,3
R,0.261,71,155,Ron Washington,20,1,3
R,0.261,71,180,Elliott Maddox,18,2,3
R,0.261,73,195,Dick Dietz,66,1,4
R,0.261,73,170,Davey Johnson,136,2,4
R,0.261,73,200,Jeff Burroughs,240,1,4
R,0.261,73,170,Don Money,176,2,4
R,0.261,75,210,Rick Reichardt,116,1,1
R,0.262,70,165,Ted Sizemore,23,1,1
R,0.262,72,190,John Wockenfuss,86,1,1
R,0.262,74,205,John Wathan,21,1,2
R,0.262,74,225,John Ellis,69,1,2
R,0.262,75,210,Dave Engle,31,1,2
R,0.262,75,203,Bill Freehan,200,1,2
R,0.263,69,170,Davey Lopes,155,2,1
R,0.263,70,170,Ed Charles,86,2,2
R,0.263,70,160,Cookie Rojas,54,1,2
R,0.263,72,175,Bill Russell,46,1,2
R,0.263,72,180,Al Gallagher,11,1,2
R,0.263,73,150,Manny Trillo,61,1,1
R,0.263,75,190,Larry Parrish,256,1,1
R,0.264,71,187,Eric Soderholm,102,1,3
R,0.264,71,185,Junior Moore,7,2,3
R,0.264,71,170,Bob Bailor,9,1,3
R,0.264,72,175,Toby Harrah,195,1,1
R,0.264,73,180,Chuck Hinton,113,1,1
R,0.264,74,200,Joe Rudi,179,1,1
R,0.264,75,185,Tony Conigliaro,166,2,1
R,0.265,70,187,Bombo Rivera,10,1,1
R,0.265,72,180,Joel Youngblood,80,1,1
R,0.265,73,190,Jim Fregosi,151,2,1
R,0.265,74,178,Ollie Brown,102,1,2
R,0.265,74,195,Mike Brown,23,1,2
R,0.265,75,190,Dick Davis,27,2,1
R,0.266,71,165,Reid Nichols,22,1,1
R,0.266,74,200,Jeffrey Leonard,144,2,4
R,0.266,74,205,Joe Charboneau,29,1,4
R,0.266,74,180,Bobby Grich,224,1,4
R,0.266,74,200,Carl Taylor,10,2,4
R,0.267,70,175,Bubba Morton,14,1,3
R,0.267,70,170,Barbaro Garbey,11,2,3
R,0.267,70,170,Bill Stein,44,2,3
R,0.267,73,197,Johnny Bench,389,1,1
R,0.267,74,195,Mike Schmidt,548,2,2
R,0.267,74,155,Dave Concepcion,101,1,2
R,0.267,75,200,Leon Roberts,78,1,2
R,0.267,75,195,Lee May,354,2,2
R,0.268,73,190,Bobby Bonds,332,1,1
R,0.268,74,200,George Scott,271,1,1
R,0.268,75,170,David Green,31,1,2
R,0.268,75,210,Tony Horton,76,1,2
R,0.269,70,165,Tommy Helms,34,1,2
R,0.269,70,185,Rich Rollins,77,3,2
R,0.269,72,185,Ron Pruitt,12,3,2
R,0.269,72,185,Chris Brown,38,3,2
R,0.269,75,205,Mike Ivie,81,1,1
R,0.27,66,165,Walt Williams,33,1,1
R,0.27,71,170,Alan Bannister,19,2,1
R,0.27,72,170,Rufino Linares,11,2,1
R,0.27,73,185,Paul Dade,10,2,3
R,0.27,73,197,Al Cowens,108,1,3
R,0.27,73,185,Dan Ford,121,2,3
R,0.271,70,165,Sixto Lezcano,148,1,2
R,0.271,70,190,Merv Rettenmund,66,1,2
R,0.271,73,178,Dave Stapleton,41,1,2
R,0.271,73,185,Ray Knight,84,1,2
R,0.272,69,175,Bill Sample,46,2,1
R,0.272,70,175,Bob Johnson,44,2,1
R,0.272,75,190,Barry Bonnell,56,1,1
R,0.273,70,165,Rick Burleson,50,1,1
R,0.273,71,209,Willie Horton,325,1,1
R,0.273,72,190,Chet Lemon,215,1,2
R,0.273,72,186,Ron Hunt,39,1,2
R,0.273,74,193,Larry Hisle,166,1,1
R,0.274,71,160,Rennie Stennett,41,1,2
R,0.274,71,150,Juan Beniquez,79,1,2
R,0.274,73,180,George Foster,348,1,1
R,0.274,75,190,Larry Herndon,107,1,1
R,0.274,76,209,Donn Clendenon,159,1,1
R,0.275,70,150,Jose Cardenal,138,1,1
R,0.276,72,170,Danny Cater,66,1,1
R,0.276,73,220,Greg Luzinski,307,1,1
R,0.276,74,195,Gary Ward,130,1,1
R,0.277,69,170,Gene Clines,5,2,1
R,0.277,71,165,Amos Otis,193,1,1
R,0.277,72,190,Ron Santo,342,1,1
R,0.277,73,195,Bob Horner,218,1,1
R,0.277,76,170,Enos Cabell,60,2,1
R,0.278,69,155,Cesar Tovar,46,1,1
R,0.278,71,185,Jim Ray Hart,170,1,2
R,0.278,71,175,John Castino,41,1,2
R,0.278,74,183,Dusty Baker,242,1,1
R,0.278,75,195,George Hendrick,267,1,1
R,0.278,76,205,Ellis Valentine,123,1,1
R,0.279,71,172,Felix Millan,22,1,1
R,0.279,72,190,Keith Moreland,121,1,1
R,0.279,73,180,Mike Vail,34,2,2
R,0.279,73,180,Buddy Bell,201,2,2
R,0.279,74,175,Tony Perez,379,1,1
R,0.28,74,190,Jesus Alou,32,2,3
R,0.28,74,200,Mickey Hatcher,38,1,3
R,0.28,74,190,Steve Henderson,68,2,3
R,0.281,72,185,Cleon Jones,93,2,1
R,0.281,74,185,Gary Matthews,234,2,1
R,0.282,74,205,Wayne Nordhagen,39,1,1
R,0.282,76,215,Tom Paciorek,86,1,1
R,0.283,71,170,Dave Cash,21,1,1
R,0.283,73,190,Glenn Beckert,22,1,2
R,0.283,73,165,Damaso Garcia,36,1,2
R,0.285,74,175,Cesar Cedeno,199,2,1
R,0.285,75,175,Garry Maddox,117,2,1
R,0.286,72,185,Phil Bradley,78,1,1
R,0.286,73,175,Lee Lacy,91,1,1
R,0.287,71,187,Jose Morales,26,1,1
R,0.287,73,200,Richie Zisk,207,1,1
R,0.287,74,215,Lamar Johnson,64,1,1
R,0.288,72,205,Alex Johnson,78,1,2
R,0.288,72,200,Ron LeFlore,59,1,2
R,0.29,71,180,Hal McRae,191,1,1
R,0.291,72,182,Lou Piniella,102,1,1
R,0.292,71,190,Thurman Munson,113,1,2
R,0.292,71,187,Dick Allen,351,1,2
R,0.294,70,192,Steve Garvey,272,1,1
R,0.295,72,201,Bob Watson,184,1,1
R,0.296,72,193,Manny Sanguillen,65,1,1
R,0.297,74,212,Joe Torre,252,1,1
R,0.298,74,200,Jim Rice,382,1,1
R,0.299,75,200,Rico Carty,204,1,1
R,0.304,70,160,Manny Mota,31,1,1
R,0.305,71,180,Bill Madlock,163,1,1
